{
    "before-attack": {
        "is_misclassified_rate": 0.14,
        "is_comp_rate": 0.712,
        "is_mis_and_comp_rate": 0.09733333333333333,
        "l0_costs_mean": 0.0,
        "l0_costs_on_mis_mean": 0.0,
        "l0_costs_on_mis_and_comp_mean": 0.0,
        "stand_linf_costs_mean": 0.0,
        "stand_linf_costs_on_mis_mean": 0.0,
        "stand_linfcosts_costs_on_mis_and_comp_mean": 0.0
    },
    "after-cafa": {
        "is_misclassified_rate": 0.92,
        "is_comp_rate": 0.37,
        "is_mis_and_comp_rate": 0.302,
        "l0_costs_mean": 4.322,
        "l0_costs_on_mis_mean": 4.697826086956522,
        "l0_costs_on_mis_and_comp_mean": 3.5849889624724063,
        "stand_linf_costs_mean": 0.03284722112010131,
        "stand_linf_costs_on_mis_mean": 0.03570350121750142,
        "stand_linfcosts_costs_on_mis_and_comp_mean": 0.03525144839704317
    },
    "after-cafa-projection": {
        "is_misclassified_rate": 0.726,
        "is_comp_rate": 0.708,
        "is_mis_and_comp_rate": 0.43866666666666665,
        "l0_costs_mean": 5.0713333333333335,
        "l0_costs_on_mis_mean": 5.1597796143250685,
        "l0_costs_on_mis_and_comp_mean": 4.651975683890577,
        "stand_linf_costs_mean": 0.034994893393162786,
        "stand_linf_costs_on_mis_mean": 0.0370973172031254,
        "stand_linfcosts_costs_on_mis_and_comp_mean": 0.03766515667981965
    }
}