{
    "before-attack": {
        "is_misclassified_rate": 0.122,
        "is_comp_rate": 0.796,
        "is_mis_and_comp_rate": 0.07533333333333334,
        "l0_costs_mean": 0.0,
        "l0_costs_on_mis_mean": 0.0,
        "l0_costs_on_mis_and_comp_mean": 0.0,
        "stand_linf_costs_mean": 0.0,
        "stand_linf_costs_on_mis_mean": 0.0,
        "stand_linfcosts_costs_on_mis_and_comp_mean": 0.0
    },
    "after-cafa": {
        "is_misclassified_rate": 0.9146666666666666,
        "is_comp_rate": 0.22066666666666668,
        "is_mis_and_comp_rate": 0.14733333333333334,
        "l0_costs_mean": 4.585333333333334,
        "l0_costs_on_mis_mean": 5.013119533527697,
        "l0_costs_on_mis_and_comp_mean": 3.751131221719457,
        "stand_linf_costs_mean": 0.025274946794004098,
        "stand_linf_costs_on_mis_mean": 0.02763295932289078,
        "stand_linfcosts_costs_on_mis_and_comp_mean": 0.02469620052905334
    },
    "after-cafa-projection": {
        "is_misclassified_rate": 0.588,
        "is_comp_rate": 0.6726666666666666,
        "is_mis_and_comp_rate": 0.268,
        "l0_costs_mean": 5.310666666666667,
        "l0_costs_on_mis_mean": 5.345804988662132,
        "l0_costs_on_mis_and_comp_mean": 5.169154228855722,
        "stand_linf_costs_mean": 0.0268443830661973,
        "stand_linf_costs_on_mis_mean": 0.02827570087010862,
        "stand_linfcosts_costs_on_mis_and_comp_mean": 0.0275742984823904
    }
}